hotel_name,address,dis_to_center_km,closest_metro_station,dis_to_closest_station_m,walk_time_to_closest_station_min,rating,stars
"Отель Холидей Инн Москва
															Таганский","Москва, Улица
															Симоновский Вал, 2",3.7,Крестьянская,423.0,5,8.7,4
"Отель Холидей Инн Москва
													Сокольники","Москва, ул. Русаковская, д.24",5.4,Сокольники,179.0,2,9.4,4
Отель Вега Измайлово,"Москва, Измайловское шоссе 71 строение 3В",9.0,Партизанская,291.0,4,9.3,4
"Отель Москва Марриотт Новый
											Арбат","Москва, Улица Новый Арбат 32",2.5,Смоленская,463.0,6,8.7,5
Гостиница Измайлово Бета,"Россия, Москва, Измайловское шоссе, 71к2Б",8.9,Партизанская,172.0,2,8.5,3
Отель Ибис Москва Павелецкая,"Москва, Улица Щипок 22 стр.1",3.4,Серпуховская,678.0,8,8.5,3
Отель Кортъярд Марриотт Москва Центр,"Москва, Вознесенский Переулок 7",1.1,Охотный,662.0,8,8.7,4
Гостиница Турист,"Москва, ул. Сельскохозяйственная, д. 17,
								корп. 5",9.4,Ботанический,792.0,10,nan,3
"Отель Pentahotel Москва, Арбат","Москва, ул. Новый Арбат, д. 15",1.7,Арбатская,578.0,7,9.3,4
Гостиница Времена Года,"Москва, Большой Кисловский пер., д. 1/12 стр. 2",0.9,Александровский,270.0,3,9.4,4
Отель Времена Года Таганская,"Москва, ул. Верхняя Радищевская, д. 14",2.2,Марксистская,513.0,6,9.3,3
Гостиница Золотой Колос,"Москва, ул. Ярославская, д. 15к3",7.5,ВДНХ,400.0,5,8.9,3
Отель Ibis budget Москва Панфиловская,"Москва, Улица Маршала Рыбалко, 2/5",9.3,Панфиловская,284.0,3,9.4,2
Гостиница Борис Годунов,"Москва, Нижний Кисельный пер., д. 4",1.3,Трубная,325.0,4,8.9,4
Гостиница Ибис Москва Октябрьское Поле,"Москва, ул. Маршала Рыбалко, д. 2к5",9.2,Панфиловская,213.0,3,9.3,3
Гостиница Гранд Белорусская Отель,"Москва, ул. Бутырский Вал, д. 5",3.6,Белорусская,235.0,3,8.9,4
Roomley Hotel Moscow City,"Москва, Пресненская набережная, 8с1",5.1,Выставочная,344.0,4,9.3,4
Бутик-Отель O'Live,"Москва, Пятницкое шоссе, д. 35",19.7,Пятницкое,479.0,6,9.1,2
Гостиница Ярославская,"Москва, ул. Ярославская, д. 8 корп. 1",7.3,ВДНХ,644.0,8,9.1,3
"Матушка
								Россия","Москва, ул. Большая Калитниковская, д.
								42",4.8,Волгоградский,1200.0,14,8.9,3
Гостиница Петровскъ,Москва улица Петровка 19с6,1.3,Чеховская,378.0,5,8.5,4
"Капсульный отель Dot Space
															84","Москва, наб.
															Пресненская, д. 12",5.1,Международная,339.0,4,9.4,nan
"Апарт-отель Интермарк Резиденция на
													Новом Арбате","Москва, ул. Новый Арбат, д. 15",1.7,Арбатская,563.0,7,9.1,4
Мини-отель ВИЗАВИ,"Москва, Басманный р-н, ул. Забелина, д. 3с5",1.1,Китай,450.0,5,8.1,nan
Отель Старосадский,"Москва, Старосадский пер., д. 8, стр. 3",1.2,Китай,478.0,6,9.4,3
Отель Лемар,"Москва, пер. Расторгуевский, д. 4, стр. 2",3.3,Улица,1905.0,6,8.3,3
Отель Султан-5,"Москва, Скаковая 36",3.9,Белорусская,557.0,7,8.9,2
Мини-отель City Garden Hotel Taganskaya,"Москва, 54 строение 2 Zemlyanoy Val Street этаж 4, помещение
								2",2.3,Марксистская,786.0,9,9.8,nan
"Отель
								Алеон","Москва, ул. Валовая,32/75 стр. 1 этаж
								2",2.6,Добрынинская,264.0,3,9.6,3
"Отель
								Президент","Москва, ул. Большая Якиманка, д. 24",1.9,Полянка,374.0,5,9.3,4
Отель Norke ВАРШАВСКАЯ,"Москва, ул. Болотниковская, д. 5",10.9,Варшавская,532.0,6,8.7,3
Гостиница Байкал,"Москва, ул. Сельскохозяйственная, д. 15, стр.1",9.3,Ботанический,786.0,9,8.1,2
Апартаменты Восход,"Москва, Алтуфьевское ш., д. 2, 4 и 8 этаж",10.8,Владыкино,270.0,3,8.7,nan
Гостиница Металлург,"Москва, пер. Октябрьский, д.12",3.8,Достоевская,690.0,8,8.3,3
Гостиница Измайлово Гамма - Твой Отель,"Москва, ш. Измайловское, д. 71, корп. 4 Г-Д",9.1,Партизанская,430.0,5,8.9,3
"Хостел
								Вавилон","Москва, ул. Сталеваров, д. 12Б",13.7,Новогиреево,1600.0,19,7.4,nan
Отель Агиос на Курской,"Москва, ул. Воронцово Поле, д. 16/4",2.2,Чкаловская,402.0,5,9.1,3
Отель Seven Hills на Таганке,"Москва, Пестовский пер., 3, стр. 1",2.6,Марксистская,500.0,6,8.3,3
Мини-отель Seven Hills на Лубянке,"Москва, пер. Большой Черкасский, д. 4с1",0.6,Площадь,176.0,2,9.1,3
"Отель
								Бродвей","Москва, ул. Генерала Белобородова, д.
								34",18.6,Волоколамская,2000.0,24,9.3,3
"Kirin
								Hotel","Москва, ул. Тверская 12/6 а",1.3,Тверская,200.0,2,8.9,3
"Отель
								Султан-1","Москва, Электрический пер., д. 3/10, стр.
								1",3.5,Белорусская,690.0,8,8.9,3
"Отель Севастополь
															Модерн","Москва, Улица
															Большая Юшуньская 1 A Стр.2",11.7,Севастопольская,275.0,3,9.1,3
Гостиница Арбат Хаус,"Москва, Скатертный пер., д. 13",1.6,Арбатская,603.0,7,8.5,4
Амай-отель на Первомайской,"Москва, ул. Верхняя Первомайская, д. 2a",11.4,Первомайская,1100.0,13,9.1,3
Гостиница Университетская,"Москва, Мичуринский пр-т, д.8, стр.1",8.6,Ломоносовский,395.0,5,8.7,2
Гостиница Сокол,"Москва, Чапаевский пер., д. 12",8.1,Сокол,798.0,10,8.9,3
Отель Империя Сити,"Москва, Пресненская наб., д. 6, стр. 2",5.0,Выставочная,226.0,3,8.9,4
"Хостел
								Yum Yum","Москва, ул. А. Невского, д. 27",3.2,Белорусская,444.0,5,9.4,nan
Апартаменты КИГО Лайнер Ист,"Москва, Ходынский бульвар д. 2",6.5,ЦСКА,382.0,5,9.4,4
Отель Арт Галактика,"Москва, ул. Садовая-Каретная, д. 20, стр. 3",2.2,Московский,656.0,8,7.9,nan
Гостиница Империя,"Москва, 1-й Боткинский пр-д, д. 6",5.0,Динамо,731.0,9,8.9,4
"Отель
								Авиалюкс","Москва, Ленинградский пр-кт, д. 68, стр. 23",8.2,Сокол,621.0,7,8.7,3
"Отель
								Сити 1905","Москва, 3 Шмитовский пр-д, д. 3",4.0,Улица,1905.0,9,9.6,4
Отель ShelterZ Электрозаводская,"Москва, ул. Большая Семёновская, д. 32, стр. 3",6.3,Электрозаводская,158.0,2,9.6,nan
Гостиница Ring Road,"Москва, ул. Беговая, д. 7",4.8,Беговая,865.0,10,9.6,4
Гостиница Измайлово Версаль Бета,"Москва, Измайловское ш., д. 71, корп. 2Б.",8.9,Партизанская,168.0,2,8.9,3
Гостиница Парк Отель Фили,"Москва, ул. Большая Филевская, д. 25/1",8.3,Багратионовская,585.0,7,8.9,3
"Отель
								ASEAN","Москва, пр. 17-й Марьиной Рощи, д.
								11",6.1,Бутырская,848.0,10,8.7,3
Отель Norke Prime Цветной,"Москва, б-р Цветной, д. 25, стр. 7",2.1,Московский,144.0,2,8.9,4
Ахоум-отель на Окружной,"Москва, Дмитровское ш., д. 46, корп. 2",10.5,Окружная,554.0,7,9.1,3
Гостиница Спектр,"Москва, ул. Усачева, д. 35, корп. 1",5.0,Спортивная,22.0,0,8.9,3
Гостиница DoubleTree by Hilton Moscow-Marina,"Москва, Ленинградское ш., д. 39, стр 1",12.2,Водный,837.0,10,9.3,4
Отель Маяк,"Москва, ул.
															Гашека, д. 12, стр. 8",2.5,Маяковская,308.0,4,8.5,3
Custos Hotel Tverskaya,"Москва, Пл. Тверская Застава, д. 2, стр.
													2",3.3,Белорусская,274.0,3,9.1,4
Гостиница Салют,"Москва, Ленинский проспект, д. 158",14.3,Тропарево,921.0,11,9.1,4
Гостиница Riverside,"Москва, пр. Кутузовский, д. 2/1, корп. 1б",3.5,Киевская,940.0,11,9.1,4
Хостел Подворье,"Москва, ул. Никольская, д. 8/1",0.5,Площадь,107.0,1,8.9,nan
Гостиница Аэростар,"Москва, пр. Ленинградский, д. 37. корп. 9",6.1,Петровский,651.0,8,9.3,4
"Отель
								Катюша","Москва, ул. Кибальчича, д. 9",7.2,ВДНХ,680.0,8,9.1,3
Отель ГородОтель на Ленинградском,"Москва, пл. Комсомольская, д. 3",3.4,Комсомольская,136.0,2,8.9,3
Отель Ситикомфорт на Новокузнецкой,"Москва, наб. Овчинниковская, д. 6, стр. 2",1.0,Новокузнецкая,354.0,4,8.9,nan
Мини-отель Каширский,"Москва, Каширское ш., д. 9, корп. 1",9.5,Нагорная,1300.0,15,9.1,2
Гостиница А.Kosterev Moscow,"Москва, ул. Тверская, д. 9а, стр. 5",0.9,Охотный,456.0,5,8.9,2
Отель Парк Инн от Рэдиссон Саду,"Москва, ул. Большая Полянка, д. 17, стр.1",1.6,Полянка,279.0,3,8.9,4
Отель Андрон на площади Ильича,"Москва, пер. Съезжинский, д. 8, ст. 1",3.4,Площадь,521.0,6,8.5,3
Мини-отель La Maison Residence,"Москва, ул. Большая Дмитровка, д. 13, этаж 3",1.0,Театральная,464.0,6,9.3,4
Отель Минима Белорусская,"Москва, ул. Лесная, д. 20, стр. 2",3.3,Менделеевская,552.0,7,8.9,3
"Отель
								Верона","Москва, ул. Генерала Тюленева, д. 12, стр.
								1",17.4,Теплый,1100.0,14,8.5,3
Гостиница Винтерфелл на Третьяковской,"Москва, ул. Малая Ордынка, д. 24",2.0,Полянка,432.0,5,8.9,nan
"Апарт-отель Наумов на Сретенке, 1","Москва, ул. Сретенка, д. 1",1.6,Сретенский,317.0,4,9.1,3
Отель Сити Комфорт,"Москва, Малый Златоустинский пер., д.
								3",1.0,Китай,262.0,3,8.7,3
"Отель
								Арбат Инн","Москва, пл. Смоленская, д. 6, стр.
								3",2.3,Смоленская,115.0,1,9.1,3
Отель Арома на Кожуховской,"Москва ул. Петра Романова, д. 7, стр. 2",6.4,Кожуховская,282.0,3,9.1,nan
"Grada Boutique
															Hotel","Москва, ул.
															Кузнецкий мост, д. 6/3, стр. 3",0.8,Театральная,243.0,3,8.9,4
"Отель Балчуг Кемпински
													Москва","Москва, Улица Балчуг 1",0.7,Новокузнецкая,693.0,8,8.9,5
ГородОтель на Казанском,"Москва, пл. Комсомольская, д. 2, 1 этаж",3.2,Комсомольская,253.0,3,8.3,nan
Гостиница Corsa Vita,"Москва, ул. 1905 года, д. 10, стр. 1",4.2,Улица,1905.0,6,8.9,3
Гостиница Ариум,"Москва, ул. Малая Дмитровка, д. 25/3",2.2,Маяковская,515.0,6,9.3,4
МИРРОС Отель Москва Кремль,"Москва, ул. Моховая, д. 10, стр. 1",0.7,Боровицкая,104.0,1,9.1,3
Отель Садовое кольцо,"Москва, пр. Мира, д. 14, здание 2",2.5,Сухаревская,310.0,4,9.3,4
Гостиница Спектр Таганская,"Москва, ул. Воронцовская, д. 20",3.0,Таганская,407.0,5,9.4,4
Отель Сансет,"Москва, ул. Генерала Антонова, д. 5, корп.
								1",13.2,Беляево,683.0,8,8.7,2
"Отель
								Эрмитаж","Москва, пер. Дурасовский, д. 7",1.9,Чкаловская,603.0,7,8.9,4
Гостиница Ренессанс Москва Монарх Центр,"Москва, пр. Ленинградский, д. 31 стр. 1",4.9,Динамо,753.0,9,9.1,5
Отель Андреевский,"Москва, ул. Павла Андреева, д. 4",3.6,Серпуховская,564.0,7,9.3,3
Отель Голден Румс,"Москва, ул. Николоямская, д. 38/23",2.6,Марксистская,687.0,8,9.1,5
Апарт-отель DIAMOND APARTMENTS,"Москва, 1-й Красногвардейский пр-д, д. 21, с. 2",5.4,Международная,103.0,1,9.4,5
Гостиница Юность,"Москва, ул. Хамовнический Вал, д. 34",5.0,Спортивная,115.0,1,8.3,3
Гостиница Z hotel,"Москва, ул. Ярославская, д. 10к2",7.7,ВДНХ,442.0,5,8.9,3
Мини-отель ShelterS Тульская,"Москва, 2 Bol'shaya Tul'skaya Ulitsa",4.9,Тульская,92.0,1,9.6,nan
ГородОтель на Киевском,"Москва, пл. Киевского вокзала, д. 1",3.5,Киевская,92.0,1,8.3,nan
Мини-отель Академик,"Москва, ул. Новочеремушкинская, д. 13",7.9,Академическая,743.0,9,9.1,nan
Гостиница Арбат,"Москва, Плотников пер., д. 12",2.1,Смоленская,521.0,6,9.3,3
Гостиница Подъезд № 2,"Москва, ул. Воронцовская, д. 21, стр. 1",3.1,Таганская,477.0,6,9.1,2
"Отель Арт Москва
															Войковская","Москва, ул.
															Космонавта Волкова, д. 6а",9.6,Войковская,1000.0,12,9.3,4
"Авторский отель
													ПАРРАДОССО","Москва, Настасьинский пер., д.8, стр.1",1.8,Чеховская,226.0,3,9.6,5
"Гостиница Винтерфелл на
												Смоленской","Москва, Шубинский пер., д. 2/3",2.6,Смоленская,314.0,4,8.5,nan
Отель Максима Славия,"Москва, Ярославское шоссе 44",13.3,Бабушкинская,2400.0,29,8.9,3
Гостиница Рогожский,"Москва, ул. Школьная, д. 14/13, стр. 5",3.4,Римская,652.0,8,8.9,3
Гостиный дом,"Москва, ул. Василия Петушкова, д. 25",16.4,Волоколамская,1600.0,19,8.3,3
Отель ВО (VO Hotel),"Москва, ул. Нагорная, д. 26, корп. 1",8.7,Нагорная,852.0,10,7.9,3
Издатель Отель Тверская,"Москва, ул. Тверская, д. 12, стр. 2",1.4,Тверская,110.0,1,8.9,3
"Отель
								Мандарин","Москва, ул. Ольховская, д. 23",3.8,Красносельская,609.0,7,8.7,4
Гостиница Царицынский комплекс,"Москва, ул. Каспийская, д. 36",15.3,Царицыно,318.0,4,8.9,2
"Отель
								Неаполь","Москва, Вознесенский пер., д. 3",1.1,Тверская,617.0,7,7.9,4
Бутик-Отель Мясницкий,"Москва, ул. Мясницкая, д. 14/2, стр. 1",1.1,Лубянка,342.0,4,8.9,4
"Хостел
								Макаров","Москва, ул. Садовническая, д. 22, стр.
								2",1.1,Новокузнецкая,424.0,5,8.3,nan
Гостиница Холидей Инн Москва Селигерская,"Москва, Коровинское шоссе 10",14.1,Селигерская,873.0,11,9.3,4
Гостиница Крокусс Москва,"Москва, Донелайтиса пр-д, д. 14",16.0,Сходненская,1900.0,23,8.1,nan
Отель Минт на Тишинке,"Москва, Средний Тишинский пер., д. 24-26, стр. 1",3.3,Белорусская,845.0,10,8.9,nan
Гостиница Винтерфелл Москва-Сити,"Москва, Мукомольный пр-д, д. 4а, стр. 1",6.0,Шелепиха,308.0,4,9.1,nan
"Отель
								Сан-Ремо","Москва, ул. Народная 20,строение 2",2.6,Таганская,369.0,4,8.7,3
Гостиница V Тверская,"Москва, Малый Палашёвский пер., д. 5",1.7,Пушкинская,150.0,2,9.6,4
Гостиница Москвич,"Москва, 11-я улица Текстильщиков, д.
								1",9.1,Текстильщики,491.0,6,8.5,2
Отель Лубянка Румс,"Москва, ул. Рождественка, д. 5/7с2",0.9,Кузнецкий,73.0,1,9.1,3
"Custos Hotel
															Lubyansky","Москва, пр-д
															Лубянский, д. 19, стр. 2",0.9,Китай,197.0,2,8.5,4
"Мини-отель Апельсин на Воробьевых
													Горах","Москва, ул. Косыгина, д. 5",6.0,Площадь,809.0,10,8.1,3
Отель Вилладжио,"Москва, ул. Пречистенка, д. 37, стр. 2",2.5,Парк,514.0,6,9.1,nan
Броско Отель Арбат,"Москва, ул. Новый Арбат, д. 21 стр. 2",2.1,Смоленская,365.0,4,9.3,4
Гостиница Кадашевская,"Москва, Кадашевская набережная, д. 26",1.0,Третьяковская,549.0,7,9.3,4
Гостиница Халва,"Москва, ул. Амурская, д. 11, стр. 2",11.7,Щелковская,1500.0,18,8.1,2
Отель Максима Панорама,"Москва, Улица Мастеркова 4",5.5,Автозаводская,260.0,3,9.1,4
Гостиница Державный,"Москва, ул. Ярославская, д. 8, корп. 2",7.4,ВДНХ,667.0,8,9.3,3
"Отель
								Юджин","Москва, ул. Фридриха Энгельса, д. 20, стр. 1",4.5,Бауманская,244.0,3,9.1,3
Гостиница На Казачьем,"Москва, Казачий 1-й пер., д. 4",2.1,Полянка,347.0,4,8.7,4
Гостиница Винтерфелл Курский вокзал,"Москва, ул. Казакова, д. 8, стр. 1",2.8,Курская,444.0,5,8.7,nan
"Хостел
								5NEBO","Москва, ул. Маросейка, д. 7/8, стр. 1",1.0,Китай,177.0,2,9.3,nan
Мини-отель Чистопрудный,"Москва, ул. Чаплыгина, д. 6",2.0,Чистые,466.0,6,9.3,2
Гостиница Звездная,"Москва, ул. Аргуновская, д. 2, кор. 1",6.6,Бутырская,1200.0,15,8.3,3
КОНЦЕРТ (KONCERT.RU™ HOTEL),"Москва, ул. Семеновский Вал, д. 6, лит. Б",6.5,Электрозаводская,631.0,8,8.1,3
Отель Формула За рулём,"Москва, 5-й проезд Подбельского, д. 4а",9.9,Бульвар,475.0,6,8.9,2
Отель Norke КАЗАНСКИЙ,"Москва, ул. Новорязанская, д. 16, корп. 1",3.3,Комсомольская,479.0,6,9.4,3
Гостиница Измайлово Брентон,"Москва, ш. Измайловское, д. 71, к. 2Б",8.9,Партизанская,172.0,2,9.1,3
Гостиница Авиамоторная,"Москва, 2-я Кабельная, д. 10",6.1,Авиамоторная,303.0,4,9.1,2
"Хостел
								Rooms","Москва, ш. Энтузиастов, д. 26",6.2,Авиамоторная,157.0,2,7.9,nan
"Отель
								Trips","Москва, Грохольский пер., д. 32, стр. 2",3.0,Комсомольская,794.0,10,8.5,2
Гостиница Валс,"Москва, ул.
															Дубининская, д. 35",3.4,Павелецкая,762.0,9,8.9,2
Гостиница Аструс Москва,"Москва, пр. Ленинский, д. 146",13.3,Юго,1100.0,13,9.1,4
Starboard Side Hotel,"Москва, ул. Большая Тульская, д. 2",5.1,Тульская,154.0,2,9.6,3
"Гостиница Panorama City
											Federation","Москва, Пресненская набережная, д. 12, 53 этаж",5.2,Международная,315.0,4,nan,4
Отель Апельсин Чистые пруды,"Москва, б-р Чистопрудный, д. 11, стр. 1",1.8,Чистые,419.0,5,9.6,3
Мини-отель Меркурий,"Москва, Коровинское ш., д. 13, корп. 2, эт. 1, пом. I, ком.
									1",14.0,Селигерская,935.0,11,9.3,nan
Гостиница Измайлово Гамма 3*,"Москва, Измайловское ш., д. 71",9.1,Партизанская,376.0,5,9.1,3
"Хостел
								Yum Yum","Москва, ул. Бауманская, д. 4",4.3,Бауманская,607.0,7,8.7,nan
Отель Ангелина на Рублевском,"Москва, ул. Истринская, д. 8, стр. 3",12.0,Кунцевская,1100.0,13,8.7,3
Отель Turris Hotel Tagansky,"Москва, Серебрянический пер., д. 15",1.9,Чкаловская,930.0,11,9.1,4
Мини-отель Апельсин на Шаболовской,"Москва, ул. Городская, д. 2",4.1,Шаболовская,650.0,8,8.7,3
Мини-отель Набат Палас,"Москва, ул. Братиславская, д. 6",13.9,Братиславская,665.0,8,9.1,4
Отель Концерт Лотос,"Москва, ул. 7-ая Парковая, д. 33к6",12.2,Щелковская,737.0,9,9.1,3
Мини-отель Апельсин на Пушкинской площади,"Москва, Страстной б-р, д. 4-3, стр. 1",1.5,Чеховская,51.0,1,8.5,3
Гостиница Измайлово Дельта,"Москва, Измайловское ш., д. 71",9.2,Партизанская,409.0,5,9.3,4
Гостиница Суворовская,"Москва, ул. Суворовская, д. 2б",6.8,Электрозаводская,717.0,9,8.9,2
Отель Воронцовский,"Москва, Воронцовский пер., д. 5/7 стр.
								2",3.3,Крестьянская,424.0,5,9.3,4
Мини-отель Апельсин Ленинский Проспект,"Москва, ул. Вавилова, д. 15",6.2,Площадь,568.0,7,8.3,3
Отель Moscow Holiday,"Москва, ул. Мневники, д. 3 стр.2",7.9,Хорошево,625.0,8,8.9,4
Отель Скайвью Сити,"Москва, Ул Большая Никитская 24/1стр 6",1.2,Арбатская,579.0,7,8.5,4
Гостиница Каприз,"Москва, ул. Краснодонская, д. 2а",11.2,Волжская,781.0,9,9.1,nan
Гостиница Ордынка,"Москва, ул. Большая Ордынка, д. 59/2",2.4,Добрынинская,420.0,5,9.6,2
Отель Заречье,"Москва, ул. Люсиновская, д. 62",4.0,Шаболовская,830.0,10,8.7,3
Отель Travelroom,"Москва, ул. 3-я Ямского Поля, д. 30",4.5,Белорусская,960.0,12,8.1,nan
Гостиница Веллион Павелецкая,"Москва, ул. Бахрушина, д. 21/4",2.4,Павелецкая,300.0,4,9.3,3
Отель Blues,"Москва, ул. Доватора, д. 8",4.7,Спортивная,371.0,4,8.9,4
Хостел ONE Кузнецкий Мост,"Москва, ул. Кузнецкий Мост, д. 19, стр. 1",1.0,Кузнецкий Мост,92.0,1,9.3,nan
Jazz Hotel,"Москва, Старокаширское ш., д. 2, корп. 4",10.4,Варшавская,869.0,10,9.4,3
Гостиница Лайт на Барвихинской,"Москва, ул. Барвихинская, д. 16, корп. 3",15.0,Молодежная,3000.0,36,8.1,3
Гостиница на Смирновской 25,"Москва, ул. Смирновская, д. 25, стр. 4",6.2,Нижегородская,1000.0,12,9.3,4
Гостиница Кристалл,"Москва, ул. Профсоюзная, д. 4",8.0,Академическая,35.0,0,8.9,3
Отель Ватсон,"Москва, ул. Новая Басманная, д. 35",3.5,Бауманская,779.0,9,9.6,3
Отель Ситипарк,"Москва, ул. Годовикова, д. 7а",5.9,Алексеевская,601.0,7,9.4,3
Гостиница Select Hotel Paveletskaya,"Москва, Стремянный пер., д. 11",3.0,Павелецкая,454.0,5,9.3,4
Мини-отель Чехов на Тверской,"Москва, пер. Дегтярный, 15",2.0,Пушкинская,426.0,5,9.6,2
Апартаменты Комплекс апартаментов ВОСТОК,"Москва, ул. Гостиничная, д. 9",10.6,Окружная,615.0,7,8.9,nan
Хостел Автор Таганка,"Москва, ул. Александра Солженицына, д. 10, стр. 1",2.7,Марксистская,248.0,3,9.1,nan
Гостиница Даниловская,"Москва, Большой Староданиловский пер., д. 5",4.9,Тульская,392.0,5,9.3,3
Отель МКМ,"Москва, ул. Международная, д. 15",4.2,Римская,221.0,3,8.9,2
Гостиница Винтерфелл на Старом Арбате,"Москва, пер. Большой Власьевский, д. 14 стр. 2",1.9,Кропоткинская,636.0,8,9.3,nan
Гостиница Винтерфелл на Тверской,"Москва, Старопименовский пер., д. 6",2.0,Маяковская,343.0,4,8.9,nan
Отель Гостеприимный дом Семеновский,"Москва, ул. Лечебная, д. 3",8.2,Измайлово,587.0,7,9.1,2
"Апарт-отель
															Точка","Москва,
															Спартаковская пл., д. 16/15, cтр. 1",4.6,Бауманская,498.0,6,9.3,nan
Хостел Heritage,"Москва, 17с1 Мясницкая
													улица, 5 этаж",1.5,Тургеневская,221.0,3,8.5,nan
Отель Джентэльон,"Москва, ул. 1-я Брестская, д. 38, стр. 1",2.9,Маяковская,588.0,7,9.1,4
Гостевой дом Пафос у Кремля,"Москва, ул. Варсонофьевский пер., д. 8",1.1,Кузнецкий,247.0,3,8.5,1
Ахаус-отель на Нахимовском проспекте,"Москва, Нахимовский проспект, 2",10.0,Нахимовский,812.0,10,9.3,3
Отель КИГО лайнер,"Москва, 2 Khodynskiy Bul'var Entrance G (Ж), floor 9",6.4,ЦСКА,416.0,5,9.6,nan
Бутик-Отель Де Пари,"Москва, ул. Большая Бронная, д. 23, стр. 3",1.6,Пушкинская,297.0,4,9.3,4
"Отель
								Арс","Москва, ул. Новая Басманная, д. 10с/1,
								под.6. эт.5",2.9,Красные,429.0,5,8.7,3
"Хостел 1
								Мая","Москва, ул. Верхняя Первомайская, д. 36, корп. 1",12.2,Первомайская,563.0,7,8.3,nan
Отель Ситикомфорт на Тверской,"Москва, Малый Гнездниковский пер., д. 12",1.3,Тверская,217.0,3,8.5,3
Хостел Артист на Казанском,"Москва, ул. Новорязанская, д. 16/11, стр. 1",3.2,Комсомольская,454.0,5,8.3,nan
Винтерфелл на Кропоткинской,"Москва, наб. Пречистенская, д. 15, стр. 1",1.9,Парк,708.0,9,8.5,nan
Гостиница Измайлово Версаль Гамма,"Москва, Измайловское ш., д. 71, корп. 4г-д",9.1,Партизанская,377.0,5,9.1,3
"Отель
								Hanzer","Москва, Б. Головин пер., д. 25",1.9,Сухаревская,322.0,4,9.1,3
Отель Hampton by Hilton Moscow Strogino,"Москва, Улица Кулакова 20",15.3,Строгино,883.0,11,9.1,3
Дизайн-Отель Д'Отель,"Москва, ул. Ярославская, д. 8, корпус 8",7.3,ВДНХ,724.0,9,9.1,3
Гостиница Садовническая,"Москва, ул. Садовническая, д. 20, стр. 1",1.0,Новокузнецкая,485.0,6,9.4,5
Апартаменты На Мичуринском,"Москва, пр. Мичуринский, д. 34",9.8,Раменки,76.0,1,8.9,3
Отель Moscow Point-Red October,"Москва, Берсеневский пер., д. 3/10, стр. 8",1.5,Кропоткинская,628.0,8,9.4,3
"Отель
								Гестен","Москва, над. Садовническая, д. 17",1.1,Новокузнецкая,425.0,5,9.1,3
Гостиница Apple Dream Hotel,"Москва, ул. Валовая, д. 32/75 стр. 1",2.6,Добрынинская,292.0,4,9.1,2
Отель Лафаетт,"Москва, Улица Тверская, 12/9",1.3,Тверская,174.0,2,8.3,2
Гостевой дом Пафос на Лубянке,"Москва, Варсонофьевский пер., д. 8",1.1,Кузнецкий Мост,235.0,3,7.9,nan
Отель Меркюр Арбат Москва,"Москва, Смоленская площадь 6",2.3,Смоленская,100.0,1,9.3,4
Мини-отель Базис-М,"Москва, Чистопрудный б-р, д. 11, стр. 1",1.8,Чистые Пруды,428.0,5,9.1,nan
Отель Barin Residence Grand,"Москва, пер. Милютинский, д. 2",1.2,Лубянка,393.0,5,9.3,4
Апартаменты На Автозаводской,"Москва, ул. Автозаводская, д. 19к1",5.9,Автозаводская,394.0,5,8.7,3
Бутик отель Печора,"Москва, Volokolamskoe Shosse 62",12.1,Щукинская,941.0,11,nan,3
Гостиница Gregory,"Москва, ул. Бауманская, д. 58/3, стр. 5",3.9,Бауманская,534.0,6,9.4,4
Апарт-отель YE'S Botanica,"Москва, 18 улица 1-я Леонова",10.2,Ботанический Сад,108.0,1,9.6,3
Гостиница Shelter-Hotels ВДНХ,"Москва, пр-т Мира, д. 184, стр. 1",8.5,ВДНХ,844.0,10,9.3,nan
Лубянка Арт Отель,"Москва, Армянский пер., д. 3-5, стр. 1",1.3,Чистые Пруды,481.0,6,8.5,3
Гостиница Часы Лескова,"Москва, ул. Лескова, д. 22",15.8,Бибирево,1400.0,17,8.3,3
Апарт-отель Ye's Mitino,"Москва, ул. Митинская, д. 16",18.3,Волоколамская,844.0,10,8.1,nan
Отель Tesla,"Москва, пер. Последний, д. 18",1.9,Сухаревская,360.0,4,nan,3
Отель Оскар,"Москва, Холодильный переулок 3, корп 1, стр 8",5.0,Тульская,380.0,5,8.7,3
Хостел Астра на Басманной,"Москва, ул. Новая Басманная, д. 13/2, стр. 1",3.0,Красные Ворота,554.0,7,8.9,nan
Park Tower,"Москва, Дмитровское ш., д. 27",8.6,Тимирязевская,854.0,10,9.6,4
Отель Север-Сити,"Москва, ул. Паршина, д. 16",11.3,Щукинская,2300.0,28,9.3,3
Хостел Крыша,"Москва, Большой Златоустинский пер., д. 7",1.0,Китай,225.0,3,8.5,nan
Апарт-отель Axis Moscow,"Москва, ул. Арбат, д. 11",1.4,Арбатская,255.0,3,9.6,nan
Мини-отель Покровский,"Москва, ulitsa Svobody 1, korpus 1",13.1,Тушинская,923.0,11,9.4,2
Бутик-Отель Мастер Арбат,"Москва, пер. Сивцев Вражек, д. 45, стр. 1",2.3,Смоленская,398.0,5,9.4,4
Отель Покровка 6,"Москва, Ulitsa Pokrovka 6",1.5,Чистые Пруды,707.0,9,9.8,3
Гостиница Дэтоль,"Москва, ул. Большая Филевская, д. 51, корп. 3",9.4,Пионерская,526.0,6,9.4,3
Гостиница Часы Братеевская,"Москва, ул. Братеевская, д. 10, корп. 4",16.3,Алма,380.0,5,8.3,3
Хостел Есенин,"Москва, ул. Краснопрудная, д. 28",4.2,Красносельская,126.0,2,9.4,nan
Отель Chez Michel,"Москва, 13 Krasnaya Presnya Street, 5 floor",3.2,Краснопресненская,414.0,5,9.4,3
Гостиница Старая Москва,"Москва, ул. Маросейка, д. 13, стр. 2",1.2,Китай,380.0,5,9.3,3
Eden Hotel,"Москва, ул. Солянка, д. 1/2, стр. 1",1.1,Китай,537.0,6,9.6,3
Мини-отель Южный порт,"Москва, 2-й Южнопортовый пр-д, д. 5/1",7.0,Кожуховская,716.0,9,9.4,3
Апартаменты Tverskaya Apartment,"Москва, ул. 1-я Тверская-Ямская, д. 25 стр. 2",3.3,Белорусская,309.0,4,nan,nan
Отель Берси Арбат Отель,"Москва, ул. Новый Арбат, д. 16",1.8,Арбатская,639.0,8,7.4,2
Мини-отель Хамовники,"Москва, 15 Комсомольский Проспект, строение 2",3.4,Фрунзенская,521.0,6,9.4,2
Отель Чемодановъ,"Москва, Покровка, 2/1 строение 1",1.3,Китай,544.0,7,9.4,4
Гостиница Феликс,"Москва, ул. Петровка, д.19, стр.3",1.3,Чеховская,460.0,6,8.7,4
Гостиница Часы Белорусская,"Москва, ул. Грузинский Вал, д. 26, стр. 2",3.2,Белорусская,395.0,5,8.5,3
Хостел Сон в кубе,"Москва, ул. Долгоруковская, д. 40",3.0,Новослободская,90.0,1,8.7,nan
Отель Везендорф-Таганка,"Москва, ул. Абельмановская, д. 9, стр. 1",3.8,Пролетарская,499.0,6,8.9,3
Гостиница Набат Палас Арбат,"Москва, ул. Старый Арбат, д. 28/1, стр. 2",1.9,Смоленская,543.0,7,8.9,4
Отель Saint Yard Arbat,"Москва, 22 Novinskiy bulvar",2.2,Баррикадная,515.0,6,8.3,4
Гостевой дом Дар,"Москва, СНТ Дары природы, д. 352",17.0,Румянцево,1900.0,23,nan,nan
Гостиница Тверская 5,"Москва, ул. Тверская, д. 5/6",0.7,Охотный Ряд,175.0,2,9.4,3
Гостиница МосУз центр,"109377, г.Москва, ул. Зеленодольская, д. 3, стр. 2",11.5,Рязанский Проспект,283.0,3,9.1,3
Апарт-отель Axis Moscow Colors,"Москва, б-р Цветной, д. 25, с. 1",2.1,Московский Цветной бульвар,145.0,2,9.6,3
Апарт-отель Линд,"Москва, пр. Ленинградский, д. 26/1",4.4,Белорусская,859.0,10,9.3,3
Мини-отель Птица-Синица,Малый Гнездниковский переулок 9с2,1.3,Тверская,234.0,3,9.8,3
Парадис Отель на Чистых Прудах,"Москва, 6 ulitsa Chaplygina",2.0,Чистые Пруды,478.0,6,8.5,3
Гостиница Фрегат на Павелецкой,"Москва, Большой Строченовский переулок 4, строение 1",2.7,Павелецкая,442.0,5,8.9,nan
Мини-отель Оранжевый Рай,"Москва, ул. Нижние Поля, д. 31, стр.1",12.8,Марьино,1300.0,15,8.5,2
Бутик-Отель 7 слонов,"Москва, ул. Маросейка, д. 7/8с1",0.9,Китай,136.0,2,9.3,3
Мини-отель Апельсин Экспо на Красной пресне,"Москва, ул. Сергея Макеева, д. 8",4.4,Улица,1905.0,8,7.0,3
Винтерфелл на Новокузнецкой,"Москва, Озерковская наб., д. 8с1",1.7,Новокузнецкая,470.0,6,9.3,nan
Отель Ситикомфорт на Арбатской,"Москва, Средний Кисловский пер., д. 3,стр. 1А",1.0,Арбатская,413.0,5,8.5,3
Хостел Hotelhot на Белорусском вокзале,"Москва, ул. Лесная, д. 55, стр. 5",3.6,Менделеевская,406.0,5,7.4,nan
Гостиница Веллион Водный,"Москва, Головинское ш., д. 8",12.4,Водный Стадион,396.0,5,9.3,nan
Хостел Mila Guest House,"Москва, Большой Каретный пер., д. 8, стр. 1",1.9,Московский Цветной бульвар,254.0,3,8.9,nan
Гостиница Елисеефф,"Москва, Глазовский пер., д. 10, стр. 1",2.4,Смоленская,598.0,7,8.9,3
Мини-отель На Мукомольном,"Москва, Мукомольный проезд, д. 7, стр. 1",6.0,Шелепиха,331.0,4,9.3,nan
Мини-отель Риверсайд Коломенское,"Москва, Нагатинская наб., д. 46",8.3,Технопарк,1100.0,14,9.1,nan
Отель Радио,"Москва, ул. Радио, д. 14, стр. 1",3.8,Бауманская,1100.0,13,9.6,4
Хостел Travel Inn Тимирязевская,"Москва, ул. Ивановская, д. 23",8.3,Тимирязевская,543.0,7,7.9,nan
Гостиница Славянка Москва,"Москва, Суворовская площадь 2/3",3.0,Достоевская,311.0,4,8.9,3
Отель Минима Китай-Город,"Москва, пр. Лубянский, д. 25, стр. 1",0.9,Китай,315.0,4,8.7,3
Хостелы Рус Юго-Западная,"Москва, ул. Академика Анохина, д. 5, стр. 2",13.7,Юго,574.0,7,8.9,nan
Отель Фили Хаус,"Москва, ул. Тучковская, д. 11, корп. 2",7.0,Фили,408.0,5,9.4,3
Мини-отель Зеленый,"Москва, ул. Большая Черемушкинская, д. 32, к. 2",8.5,Академическая,961.0,12,9.1,3
Апартаменты В 46-этажном Небоскребе с видом на Останкинскую башню,"Москва, ул. Новодмитровская, д. 2к5",5.8,Дмитровская,769.0,9,9.8,nan
Отель Содерис Резиденс & СПА,"Москва, 2-я Бородинская улица, д. 20",3.3,Киевская,653.0,8,9.6,4
Бизнес-отель Алексеевский,"Москва, ул. Новоалексеевская, д. 20а, стр. 1",6.6,Алексеевская,896.0,11,8.1,3
Мини-отель Дом ветеранов кино,"Москва, ул. Нежинская, д. 5",10.0,Славянский бульвар,1600.0,19,8.3,nan
Мини-отель Amarena,"Москва, Ulitsa Akademika Millionshchikova 31А",10.3,Каширская,818.0,10,9.4,3
Гостиница День и ночь на Профсоюзной,"Москва, пр. Нахимовский, д. 63, корп. 2",9.2,Профсоюзная,356.0,4,9.4,nan
Гостиница Александрия-Внуково,"Москва, СНТ Верхнее Акатово, д. 18",24.2,Рассказовка,2800.0,33,9.3,3
Мини-отель Loft Hotel H11,"Москва, Хохловский пер., д. 11, стр., 1",1.5,Китай,772.0,9,9.1,2
Отель Seven Hills на Брестской,"Москва, Улица 1-ая Брестская, 44",3.0,Белорусская,586.0,7,9.1,3
Апарт-отель Эколайнер,"Москва, б-р. Ходынский, д. 22, эт. 11",7.4,ЦСКА,850.0,10,9.4,3
Отель Акварель,"Москва, Stoleshnikov Pereulok 12 bld 3",1.0,Театральная,457.0,6,9.6,4
Отель Ретро Москва Арбат,"Москва, Трубниковский пер., д. 24, стр. 1",2.1,Смоленская,670.0,8,8.5,nan
Отель Гостеприимный дом Ботанический,"Москва, Лазоревый проезд, д. 12",10.8,Ботанический Сад,760.0,9,8.9,2
Апарт-отель Измайловский парк,"Москва, ул. Щербаковская, д. 57А",8.3,Измайлово,680.0,8,9.4,3
Хостел Милан на Павелецкой,"Москва, ул. Дубининская, д. 11/17, стр. 2",3.1,Павелецкая,382.0,5,8.9,nan
Отель Фортис Москва Дубровка,"Москва, ул. Шарикоподшипниковская, д. 11, стр. 7",5.2,Дубровка,187.0,2,9.4,3
1 АРТ ОТЕЛЬ,"Москва, ул. Староалексеевская, д. 20",6.5,Алексеевская,388.0,5,9.8,4
Отель Максима Заря,"Москва, ул. Гостиничная, д. 4, корп.9",10.3,Владыкино,811.0,10,9.3,3
Отель Домашний,"Жулебино, Жулебинский б-р, д. 15",15.9,Лермонтовский проспект,614.0,7,7.8,nan
Гостиница KristInn,"Москва, 1-ый пр-д Перова Поля, д. 9, стр. 1",9.4,Перово,1100.0,14,8.9,3
Гостиница Комфорт Класс,"Москва, ул. Часовая, д. 11",8.3,Аэропорт,859.0,10,9.1,4
Хостел Eger177,"Москва, ул. Егерская, д. 1",5.9,Сокольники,447.0,5,9.1,nan
Отель Елоховский Сити,"Москва, ул. Спартаковская, д. 24",4.2,Бауманская,116.0,1,9.3,3
Отель Отдых-5,"Москва, ул. Краснодарская, д. 15/17",11.6,Люблино,962.0,12,7.2,1
Гостиница Покровское-Стрешнево,"Москва, Волоколамское ш., д. 30, стр. 1, а/я 44",11.0,Стрешнево,508.0,6,8.9,3
Отель La Scala Narodnaya,"Москва, ул. Народная, д. 14, стр. 1",2.6,Таганская,264.0,3,8.7,3
Гостиница Крон-Отель,"Москва, Ленинградское ш., д. 61, стр. 4",15.1,Речной Вокзал,724.0,9,8.7,3
Отель Брайтон,"Москва, Петровско-Разумовский пр-д, д. 29",6.7,Петровский парк,1400.0,16,9.4,4
Гостиница Часы Бунинская Аллея,"Москва, ул. Адмирала Лазарева, д. 47, корп. 1",24.6,Бунинская Аллея,319.0,4,7.4,3
Мини-Отель Солотель,"Москва, Тверская Улица 12 строение 2",1.3,Тверская,178.0,2,8.5,2
Отель Кауфман,"Москва, Посланников пер., д. 9, стр. 5",4.4,Бауманская,309.0,4,8.7,3
D'отель на Тверской,"Москва, ул. Тверская, д. 5/6",0.7,Охотный Ряд,177.0,2,8.7,3
Гостиница Barin Residence Centre,"Москва, ул. Садовническая, д. 8",0.8,Новокузнецкая,593.0,7,9.8,4
Гостиница Реакомп,"Москва, Протопоповский переулок 9 строение 1",3.2,Проспект Мира,301.0,4,8.3,3
Отель Капучино,"Москва, пер. Электрический, д. 3/10, ст. 1",3.5,Белорусская,673.0,8,8.7,3
Гостиница Коломенское,"Москва, ул. Большая, д. 84/3",9.4,Коломенская,485.0,6,9.3,3
Отель Апельсин на Юго-Западной,"Москва, пр. Вернадского, д. 105, корп. 2",13.1,Юго,306.0,4,9.1,2
Гостиница Соколиная гора,"Москва, 3-я ул. Соколиной Горы, д. 19",7.7,Шоссе Энтузиастов,795.0,10,9.3,2
Отель Norke Prime Kitay-gorod,"Москва, пер. Подколокольный, д. 4/7",1.3,Китай,796.0,10,8.7,4
Мини-отель Линдсей,"Москва, Ленинградский проспект, 26/1",4.4,Белорусская,876.0,11,9.3,nan
Гостиница Бригантина,"Москва, ул. Академика Скрябина, д. 8, корп. 3",11.8,Рязанский Проспект,405.0,5,8.7,3
Гостиница Митино,"Москва, Пятницкое ш., д. 18",17.9,Волоколамская,798.0,10,8.7,3
Хостел Арбат 42,"Москва, ул. Арбат, д. 42, стр. 4",2.1,Смоленская,294.0,4,9.1,nan
Гостевой дом С.С.С.Р.,"Москва, ул. Кубанская, д. 12, стр. 2",10.9,Волжская,1200.0,15,8.9,nan
Хостелы Рус-Авиатор,"Москва, ул. Ольховская, д. 14, стр. 5",3.9,Красносельская,589.0,7,9.1,nan
Хостел Олимпия,"Москва, ул. Дмитрия Ульянова, д. 24/1",8.0,Академическая,173.0,2,9.3,nan
Гостиница Федорова,"Москва, Бескудниковский б-р, д. 58к1",14.5,Селигерская,1200.0,14,9.1,2
Гостиница Винтерфелл на Бауманской,"Москва, ул. Малая почтовая, д. 2/2",4.5,Бауманская,511.0,6,8.9,nan
Отель Першерон,"Москва, 3-й Красносельский пер., д. 5",4.2,Красносельская,663.0,8,nan,2
Мини-отель Буше на Чистопрудном бульваре,"Москва, б-р Чистопрудный, д. 21, стр. 1",1.8,Чистые Пруды,655.0,8,8.9,2
Отель Кирпич,"Москва, ул. Лесная, д. 55",3.6,Менделеевская,359.0,4,9.4,3
Гостиница Рослеспром,"Москва, Варшавское ш., д. 145, корп. 8",19.5,Аннино,650.0,8,8.1,3
Гостиница Озерковская,"Москва, Озерковская Набережная, д. 50/2",2.4,Павелецкая,422.0,5,9.1,3
"Отель Арбат, 6","Москва, ул. Арбат, д. 6, стр. 2",1.4,Арбатская,260.0,3,9.4,4
Коливинг Запятая,"Москва, пл. Спартаковская, д. 16/15, стр. 1",4.6,Бауманская,497.0,6,9.3,nan
Гостиница СК Роял,"Москва, Дмитровское ш., д. 163а, к. 2",18.2,Алтуфьево,3200.0,38,9.3,4
Мини-отель Сокол,"Москва, ш. Волоколамское, д. 3",9.5,Сокол,850.0,10,8.3,3
Хостел Гагаринский,"Москва, ул. Вавилова, д. 13/7",6.0,Площадь Гагарина,407.0,5,7.0,nan
Отель Bulgakov Residence,"Москва, Большой Палашевский пер., д. 9/2",1.8,Пушкинская,334.0,4,9.4,nan
Отель Отдых-2,"Москва, ул. Совхозная, д. 27",12.4,Люблино,696.0,8,7.8,1
Отель Вояж Парк,"Москва, ул. Крылатская, д. 12, корп. 4",11.4,Крылатское,2200.0,26,8.9,2
Хостел Travel Inn Красные Ворота,"Москва, ул. Новая Басманная, д. 10, стр. 1",2.9,Красные Ворота,429.0,5,8.3,nan
Отель Волынское,"Москва, Улица Староволынская 9",9.4,Минская,1100.0,13,9.3,4
Отель Винтерфелл на Павелецкой,"Москва, ул. Дербеневская , д. 5а",3.8,Крестьянская застава,1200.0,14,9.3,nan
Отель Тайм 2,"Москва, ул. Ставропольская, д. 14",11.4,Люблино,1000.0,12,7.9,nan
Хостел ALL MUSIC Hostel №1 Маяковская,"Москва, ул. Садовая-Триумфальная, д. 12/14",2.3,Маяковская,362.0,4,9.4,nan
Хостел Рус Полежаевская,"Москва, ш. Хорошевское, д. 72, к. 1",6.6,Полежаевская,455.0,5,8.3,nan
Хостел Russland,"Москва, ул. Образцова, д. 14/Октябрьский пер., д. 23",3.9,Марьина Роща,723.0,9,8.5,nan
Отель Norke КРАСНОСЕЛЬСКАЯ,"Москва, ул. Краснопрудная, д. 24, корп. 2",4.0,Красносельская,136.0,2,8.9,3
Отель на Окской,"Москва, ул. Окская, д. 5, корп. 1",9.7,Кузьминки,1100.0,13,9.1,3
Отель Медея,"Москва, Пятницкий пер., д. 4, стр. 1",1.3,Новокузнецкая,84.0,1,9.3,3
Мини-отель Shelter-Hotels Ленинский проспект,"Москва, 30 Leninskiy Prospekt",5.3,Ленинский Проспект,294.0,4,9.3,nan
Гостиница Апельсин на Комсомольской,"Москва, ул. Краснопрудная, д. 22а",3.9,Красносельская,244.0,3,8.3,3
Хостел Никитская капсула,"Москва, ул. Большая Никитская, д. 22/2",1.1,Арбатская,564.0,7,9.4,nan
Апарт-отель Волга,"Москва, ул. Большая Спасская, д. 4",2.7,Сухаревская,601.0,7,9.1,3
Мини-отель МАК,"Москва, ул. Кантемировская, д. 17, корп. 1",13.4,Кантемировская,939.0,11,8.1,nan
Гостиница Измайлово Дельта - Твой Отель,"Москва, ш. Измайловское, д. 71, корп. 4 Г-Д",9.1,Партизанская,411.0,5,9.1,4
Отель AFFONYKATE,"Москва, пр. Мира, д. 105, стр. 1",7.1,ВДНХ,715.0,9,9.6,3
Апарт-отель Page 20,"Москва, ул. Новый Арбат, д. 15",1.7,Арбатская,566.0,7,9.4,4
Хостел Пара Тапок,"Москва, Оружейный пер., д. 13, стр. 2",2.4,Маяковская,357.0,4,9.3,nan
Гостиница Старый город (Home Hotel),"Москва, ул. Большая Дмитровка, д. 8/5",0.9,Театральная,253.0,3,9.1,3
Апарт-отель На Ходынке,"Москва, Ходынский б-р, д. 20а, Сектор Г, 8 этаж",7.3,ЦСКА,784.0,9,8.9,3
Отель Палермо,"Москва, Ulitsa Chistova 19",10.2,Волжская,872.0,11,9.6,3
Отель Ристория,"Москва, пр. Пролетарский, д. 45",13.9,Кантемировская,660.0,8,8.7,3
Отель Barin Residence Myasnitskaya,"Москва, Milyutinskiy Pereulok дом 2, корпус 9",1.2,Лубянка,378.0,5,9.4,4
Хостел Рус-Нахимовский проспект,"Москва, пр. Нахимовский, д. 7, к.1",10.1,Нахимовский Проспект,456.0,5,9.1,nan
Гостиница Минима Кузьминки,"Москва, пр. Волгоградский, д. 113, корп. 5",10.2,Кузьминки,459.0,6,9.3,2
Апарт-отель Наумов на Лубянке,"Москва, ул. Малая Лубянка, д. 16",1.4,Тургеневская,363.0,4,8.9,3
Гостевой дом Magic circus,"Москва, Цветной б-р, д. 25",2.1,Московский Цветной бульвар,145.0,2,9.8,nan
Гостиница Симонов Парк,"Москва, ул. Восточная, д. 10",5.2,Автозаводская,627.0,8,9.3,3
Отель Скайвью Таганка,"Москва, Тетеринский пер, д. 12с4",2.2,Марксистская,499.0,6,8.3,3
Мини-отель Выставка,"Москва, ул. 2-я Черногрязская, д. 10",4.6,Улица,1905.0,11,8.7,nan
Отель Orange House,"Москва, пр. Севастопольский, д. 7/8",7.1,Верхние Котлы,241.0,3,8.3,3
Отель Лондон,"Москва, ул. Ставропольская, д. 10/12",11.3,Люблино,1200.0,14,7.9,nan
Отель Хитровка,"Москва, Певческий пер., д. 4",1.4,Китай,866.0,10,9.1,4
Отель Винтерфелл на Арбате,"Москва, Трубниковский пер., д 24, стр. 1",2.1,Смоленская,670.0,8,8.7,nan
Отель Денисовский Дворик,"Москва, ул. Бауманская, д. 58/25, корп. 8",4.0,Бауманская,515.0,6,9.3,3
Отель Облака,"Москва, ул. Крутицкий Вал, д. 8/22",3.8,Крестьянская застава,241.0,3,9.3,3
Хостел ICON,"Москва, Пресненская набережная 6 стр 2",5.0,Выставочная,261.0,3,9.3,nan
Отель Квадро,"Москва, ул Атарбекова, 4",7.2,Преображенская Площадь,432.0,5,9.8,1
Мини-отель ЭСКВАЙР,"Москва, б-р. Петровский, д. 15, стр. 1",1.6,Трубная,373.0,4,9.4,3
Гостиница Столичная,"Москва, ул. Новорязанская, д. 26, стр. 1",3.5,Комсомольская,747.0,9,9.3,2
Отель Веллион Сухаревский,"Москва, ул. Большая спасская, д. 13/1",2.6,Сухаревская,518.0,6,9.4,4
Мини-отель KIGO Park Legend,"Москва, 23 Avtozavodskaya Ulitsa Building 120/6 apt 9",5.9,ЗИЛ,536.0,6,9.4,3
Гостиница Грибоедов,"Москва, Измайловское шоссе, д.3А",7.0,Семеновская,362.0,4,8.5,3
Гостиница Q-block,"Москва, Большой Тишинский пер., д. 8, стр. 1",3.1,Баррикадная,941.0,11,9.3,3
Отель Максима Ирбис,"Москва, ул. Гостиничная, д. 1",10.1,Петровско,650.0,8,9.1,3
Апартаменты IQ,"Москва, Пресненская наб., д. 10 стр. 2",5.4,Международная,183.0,2,9.4,nan
Отель Gregory Urban,"Москва, ул. Бауманская, д. 58/3, стр. 5",3.9,Бауманская,530.0,6,9.4,nan
Гостиница Ретро Москва на Курской,"Москва, ул. Старая Басманная, д. 7, стр. 1",2.6,Красные Ворота,702.0,8,8.5,nan
Гостевой дом The Park,"Москва, ул. Остоженка, д. 42/2",2.4,Парк Культуры,175.0,2,8.9,nan
Отель Роял-Зенит II,"Москва, 1-ая Линия Хорошевского Серебряного Бора, д. 10",11.5,Щукинская,3000.0,36,9.4,4
Отель Малетон,"Москва, ул. Гарибальди, д. 36/3",10.2,Новые Черемушки,495.0,6,9.1,3
Гостиница Олимп,"Москва, ул. Доватора, д. 13",4.8,Спортивная,339.0,4,9.1,2
Отель Афиша Сити,"Москва, Юрловский пр-д, д. 14, корп. 1",13.8,Бибирево,820.0,10,8.9,nan
Хостел Light Dream на Златоустинском,"Москва, Большой Златоустинский пер., д. 3/5, стр. 1",1.0,Китай,299.0,4,9.1,nan
Отель Florinn,"Москва, ул. Тверская, д. 12с7",1.4,Тверская,159.0,2,9.1,3
Отель Сити Стар,"Москва, ул. 6-я Кожуховская, д. 3к2",6.0,Автозаводская,813.0,10,9.4,3
Отель Chekhoff Hotel Moscow Curio Collection By Hilton,"Москва, ул. Малая Дмитровка, д. 11",1.9,Чеховская,381.0,5,8.3,5
Гостиница Бонжур Бутово,"Москва, ул. Изюмская, д. 22",22.7,Улица Скобелевская,589.0,7,8.9,3
Хостел Cinema,"Москва, ул. Новая Басманная, д. 18/5",3.1,Красные Ворота,735.0,9,8.3,nan
Отель Novy Arbat Residence,"Москва, Прямой пер., д. 3, стр. 1",2.6,Смоленская,263.0,3,7.8,3
Мини-отель Дюжина,"Москва, ул. Трифоновская, 45",4.0,Марьина Роща,735.0,9,9.8,3
Гостиница Парус,"Москва, пос. Мосрентген, дер. Дудкино, д. 12/1",17.6,Румянцево,531.0,6,9.4,3
Отель Старая Можайка,"Москва, рп. Новоивановское, д. 93",16.2,Молодежная,4300.0,52,7.8,nan
Отель ОТДЫХ 10,"Москва, ул. Люблинская, д. 60",11.6,Люблино,1500.0,18,8.3,3
Отель Нагорный,"Москва, Электролитный пр-д 1Б",9.0,Нагорная,628.0,8,8.9,nan
Мини-отель Benvenuti,"Москва, пр. Волгоградский, д. 105",10.0,Кузьминки,741.0,9,9.3,2
Гостиница Мистер Жулебин,"Москва, ул. Привольная, д. 2, стр. 1",15.0,Лермонтовский проспект,755.0,9,9.3,3
Санаторий Переделкино,"Москва, ул. 6-я Лазенки, д. 2",18.7,Боровское шоссе,1900.0,22,9.1,nan
Отель Library,"Москва, 3-я Улица Yamskogo Polya 24",4.1,Белорусская,666.0,8,9.4,3
Гостиница Измайлово Дельта Sky Hotel Group,"Москва, Измайловское ш., д. 71, корп. 4г",9.1,Партизанская,377.0,5,9.4,4
Капсульный отель Dad&Cat,"Москва, пер. Электрический, д. 8, стр. 2",3.4,Белорусская,719.0,9,9.3,nan
Гостиница Винтерфелл на Чистых прудах,"Москва, ул. Мясницкая, д. 32, стр. 2",1.8,Чистые Пруды,93.0,1,9.3,nan
Отель Unique,"Москва, б-р Цветной, д. 13/2",1.9,Московский Цветной бульвар,175.0,2,9.8,nan
Хостел Cube,"Москва, б-р Новинский, д. 16, стр. 2",2.1,Смоленская,587.0,7,9.1,nan
Мини-отель Леон Спа,"Москва, Жулебинский Бульвар 36 кор 1",16.2,Жулебино,559.0,7,9.3,3
Отель Олива,"Москва, ул. Большая Серпуховская, д. 60",3.8,Серпуховская,790.0,10,9.3,2
Арт Отель & Хостел Каретный ряд,"Москва, Большой Каретный пер., д. 22, стр.4",2.1,Московский Цветной бульвар,266.0,3,8.7,nan
Хостел Travel Inn на Электрозаводской,"Москва, Попов проезд, д. 4",6.0,Электрозаводская,597.0,7,7.8,nan
Отель Библиотека,"Москва, ул. Воронцовская, д. 2/10, стр. 1",2.6,Марксистская,112.0,1,8.1,1
Отель Минима Красные Ворота,"Москва, ул. Садовая-Спасская, д. 19, стр. 3",2.5,Красные Ворота,157.0,2,8.9,3
Pyatnitskaya Hotel,"Москва, ул. Пятницкая, д. 3/4, стр. 1",1.0,Новокузнецкая,382.0,5,9.3,nan
Гостиница Измайловский,"Москва, ул. Верхняя Первомайская, д. 6, корп. 3",11.6,Первомайская,979.0,12,9.3,2
Хостел Littlehotel,"Москва, Malyy Kakovinskiy Pereulok 1/8с1",2.2,Смоленская,225.0,3,7.9,nan
Хостел Авиатор,"Москва, Энтузиастов ш., д. 26",6.3,Авиамоторная,184.0,2,8.7,1
Капсульный хостел Арбат 25,"Москва, ул. Арбат, д. 25/36",1.6,Арбатская,482.0,6,8.5,nan
Astro Hostel,"Москва, пер. 1-й Пехотный, д. 10",10.5,Стрешнево,1100.0,13,9.6,1
Отель Электрон,"Москва, пр. Андропова, д. 38, корп. 2",9.2,Коломенская,409.0,5,8.7,3
Гостиница Sultan INN,"Москва, Электрический пер., д. 3/10с1",3.5,Белорусская,654.0,8,9.1,4
Отель B.60,"Москва, ул. 1-я Брестская, д. 60",3.2,Белорусская,366.0,4,10.0,4
Хостел на Белорусской,"Новолесной пер, д 5",3.7,Менделеевская,631.0,8,7.0,nan
Хостел ArtCapsule,"Москва, ул. ​Николоямская, д. 52 ст.2",2.8,Марксистская,738.0,9,10.0,nan
Хостел Фортуна Инн,"Москва, Октябрьский переулок,12",3.8,Достоевская,687.0,8,8.7,nan
Гостиница Новый Восход,"Москва, Алтуфьевское ш., д. 2 к. 1",10.8,Владыкино,226.0,3,6.6,nan
Бутик-Отель Vertical Boutique BW Signature Collection,"Москва, ул. Малые Каменщики, д. 16",2.9,Таганская,402.0,5,9.1,4
Мини-отель Time.House,"Москва, пр-д Кутузовский, д. 6",6.2,Парк Победы,614.0,7,8.7,nan
Отель Нота,"Москва, Улица Перерва 68/35, 1 этаж",13.5,Люблино,1300.0,15,9.3,nan
Хостел Христал,"Москва, 11 Ulitsa Akademika Anokhina",14.1,Юго,895.0,11,8.7,nan
Отель Елоховский,"Москва, Спартаковская Улица 24",4.1,Бауманская,136.0,2,9.4,3
Легендарный отель Советский,"Москва, пр. Ленинградский, д. 32/2",4.7,Динамо,924.0,11,9.1,4
Отель Mia Milano,"Москва, Кутузовский пр-т, д. 30",5.3,Кутузовская,224.0,3,9.8,4
Отель Софи,"Москва, Рождественка 5/7 строение 2",0.8,Кузнецкий Мост,82.0,1,9.1,3
Отель Люблю-но,"Москва, Улица Краснодонская 24  стр.2",11.9,Люблино,868.0,10,9.1,nan
Мини-отель Ладомир в Филях,"Москва, Улица Василисы Кожиной 14 корпус 2",7.9,Багратионовская,703.0,8,8.7,nan
Мини-отель Aesthetics Room House,"Москва, ул. Доброслободская, д. 6, стр. 1",3.6,Бауманская,676.0,8,9.4,nan
Хостел Портал,"Москва, ул. Большая Пионерская, д. 13/6а, стр. 1",3.0,Павелецкая,349.0,4,7.6,nan
Хостел Слобода на Бауманской,"Москва, пер. Посланников, д. 18, стр. 1",4.4,Бауманская,380.0,5,8.9,nan
Гостиница Come Inn,"Москва, ул. Большая Татарская, д. 38, стр. 1",2.0,Новокузнецкая,641.0,8,9.8,3
Гостиница Moon,"Москва, б-р Марьинский, д. 7",14.4,Марьино,665.0,8,8.9,nan
Хостел iProspali,"Москва, 4-й Сыромятнический переулок, д.3/5 стр.5",2.9,Чкаловская,444.0,5,8.3,nan
Мини-отель Арчи на Тульской,"Москва, Варшавское шоссе 13",6.0,Тульская,1000.0,13,9.3,3
Гостиница Avia House,"Москва, СНТ Верхнее Акатово, д. 15",24.3,Рассказовка,2800.0,34,8.1,nan
Мини-отель Антик,"Москва, Улица Климашкина 9",3.3,Улица,1905.0,9,9.8,3
Мини-отель Мансилион,"Москва, ул Тверская, 12/8 вход 12А",1.3,Чеховская,210.0,3,9.4,3
Гостиница Братиславская 2,"Москва, ул. Братиславская, д. 12",13.4,Братиславская,197.0,2,9.3,nan
Гостиница Сокольники,"Москва, ул. Первая Боевская, д. 6",6.3,Сокольники,891.0,11,9.1,3
Гостиница Винтерфелл на Курской,"Москва, ул. Старая Басманная, д. 7/1",2.7,Красные Ворота,703.0,8,8.7,nan
Отель Ясенево,"Москва, Ulitsa Inessy Armand 8/17",18.8,Битцевский парк,1400.0,17,8.5,nan
Гостиница НИКОНОВКА,"Москва, Никоновский пер., д. 3/1",2.8,Достоевская,414.0,5,9.3,nan
Гостиница Измайлово (Фаворит) Sky Hotel Group,"Москва, Измайловское ш., д. 71, 3в",9.1,Партизанская,386.0,5,9.4,4
Отель Комфорт Москва,"Москва, Пятницкая Улица 22/2",1.4,Новокузнецкая,133.0,2,9.3,nan
Гостиница Братиславская,"Москва, ulitsa Bratislavskaya 15, korpus 1",13.6,Братиславская,598.0,7,8.1,nan
Мини-отель Фантазия,"Москва, Ulitsa Yunykh Lenintsev 73 Корпус 1",11.1,Кузьминки,624.0,8,9.3,2
Отель Мелтон,"Москва, ул. Барышиха, д. 40, корп. 1",20.5,Пятницкое шоссе,700.0,8,8.7,3
Serviced Apartments Belorusskaya,"Москва, Район Белорусской",2.8,Маяковская,603.0,7,nan,2
Хостел на Академика Анохина,"Москва, ул. Академика Анохина, д. 13",14.2,Юго,1000.0,12,8.9,nan
Мини-отель Фрателли,"Москва, ул. Тверская, д. 12, стр. 2",1.4,Тверская,134.0,2,9.3,3
Мини-отель Нахимовский,"Москва, ул. Новочеремушкинская, 38 к1",9.4,Профсоюзная,620.0,7,9.4,2
Апарт-отель Knokey Басманный,"Москва, Басманный пер., д. 5",3.1,Комсомольская,528.0,6,9.6,nan
Hotel Old Riga,"Москва, пл. Рижская, д. 1",4.4,Рижская,210.0,3,8.1,nan
Хостел VIP K8,"Москва, пр-т Волгоградский, д. 32, кор. 8, 1 эт.",5.4,Волгоградский Проспект,249.0,3,7.2,nan
Гостиница Апельсин на Тульской,"Москва, 4-й Верхний Михайловский пр-д, д. 6",5.2,Ленинский Проспект,1000.0,12,8.7,nan
Гостиница Абсалют Измайлово Бета,"Москва, Измайловское ш., д 71, стр. 8",9.1,Партизанская,400.0,5,9.1,3
РОС ОТЕЛЬ Измайлово,"Москва, ул. Верхняя Первомайская, д. 36, стр. 2",12.3,Первомайская,571.0,7,8.1,3
Хостел Милан,"Москва, Шубинский пер., д. 2/3",2.6,Смоленская,310.0,4,9.4,nan
Отель Винтерфелл На Цветном Бульваре,"Москва, ул. Садовая-Каретная, д. 24/7",2.2,Московский Цветной бульвар,598.0,7,8.5,nan
Общежитие гостиничного типа Hotelhot Красносельская,"Москва, ул. Ольховская, д. 47, стр. 2",4.4,Красносельская,593.0,7,6.4,nan
Мини-отель BookBox,"Москва, ул. 1-я Прядильная, д.5",10.9,Измайловская,773.0,9,8.9,nan
Хостел Али Баба,"Москва, ул. 1-я Пугачевская, д. 27",8.4,Измайлово,937.0,11,9.1,nan
Хостел Фьюжн,"Москва, ул. Дубининская, д. 67, корп. 1",4.2,Тульская,1200.0,14,8.9,nan
Отель Циркус,"Москва, Цветной Бульвар 24/1",2.0,Московский Цветной бульвар,106.0,1,9.1,3
Хостел Travel Inn Серпуховская,"Москва, Большая Серпуховская, 31 к6",3.4,Серпуховская,424.0,5,8.5,nan
D'отель на Щукинской,"Москва, ул. Щукинская, д. 2",10.6,Стрешнево,499.0,6,8.9,3
Мини-отель На Новослободской,"Москва, Ulitsa Dolgorukovskaya 35",3.0,Новослободская,170.0,2,9.6,nan
Хостел Nice hostel Маяковская,"Москва, Красина пер., д. 15, стр. 1",2.7,Маяковская,786.0,9,8.5,nan
Апарт-отель На Высоте,"Москва, Ulitsa Mosfilmovskaya, 74b",8.6,Ломоносовский проспект,853.0,10,9.4,4
Мини-отель Остоженка 47,"Москва, ул. Остоженка, д. 47",2.3,Парк Культуры,214.0,3,9.6,nan
Хостел Трэвел Инн на Авиамоторной,"Москва, ул. Энергетическая, д. 12, корп. 1",5.5,Лефортово,597.0,7,8.7,1
Гостиница Дуэт-Отель,"Москва, ул. Академика Миллионщикова, д. 35, стр. 4",10.4,Каширская,716.0,9,9.3,nan
Мини-отель Фортуна,"Москва, ул. Митинская, д. 48, корп. 1",19.7,Пятницкое шоссе,521.0,6,8.9,3
Апартаменты Современные апартаменты у Кремля и Красной Площади,"Россия, Москва, Камергерский переулок, 2",0.8,Театральная,293.0,4,9.6,nan
Гостиница Фарфалле,"Москва, ул. Большая Семёновская, д. 43/2",6.6,Семеновская,446.0,5,9.6,3
Мини-гостиница Стромынка,"Москва, ул. Стромынка, д. 11",6.4,Сокольники,949.0,11,9.1,nan
Мини-отель на Маросейке,"Москва, Малый Златоустинский переулок, 2",1.0,Китай,263.0,3,9.3,nan
Мини-отель Бегемот Маяковская,"Москва, 7 Ulitsa Krasina, building 3",2.5,Маяковская,574.0,7,9.4,3
KENSINGTON HOTEL (Кенсингтон отель),"Москва, пер. Лебяжий, д. 8/4, стр.1, А/Я 120",1.0,Боровицкая,361.0,4,9.3,3
База отдыха Солнечный залив,"Московская обл., д. Ульянково",27.0,Медведково,11800.0,142,nan,nan
V Hotel,"Москва, ул. Садовая-Кудринская, д. 9, корп. 3",2.3,Баррикадная,347.0,4,9.6,4
Академ-Хостел,"Москва, ул. Шверника, д. 16, корп. 1",7.4,Крымская,897.0,11,8.9,nan
Хостел Тревел Инн,"Москва, пер. Октябрьский, д. 23",3.9,Марьина Роща,716.0,9,8.1,nan
Хостел Вежливый Лось Home Boxes на Кутузовской,"Москва, ул. Студенческая, д. 32",5.0,Студенческая,357.0,4,8.9,nan
Отель Crystal на Таганке,"Москва, ул. Александра Солженицына, д. 31 стр. 1",3.1,Марксистская,844.0,10,10.0,nan
Хостел All Bears Hostel,"Москва, ул. Большая Андроньевская, д. 25/33",3.6,Римская,875.0,11,8.9,1
Отель Бега,"Москва, ул. Беговая аллея, д. 11",4.7,Динамо,1000.0,12,9.3,4
Отель Абсалют Измайлово Альфа,"Москва, Измайловское ш., д. 71а",9.1,Партизанская,161.0,2,9.4,4
Отель Руссо Туристо,"Москва, ул. Авиамоторная, д. 51а, стр. 2",6.4,Авиамоторная,694.0,8,9.3,3
Апарт-отель Knokey Парк Легенд,"Москва, ул. Автозаводская, д. 23Бк2",6.2,ЗИЛ,446.0,5,9.1,nan
Отель Бомонд,"Москва, ул. Орджоникидзе, д.5 корп. 2",5.1,Ленинский Проспект,856.0,10,nan,3
Хостел Вежливый Лось на Семеновской,"Москва, ул. Большая Семеновская, д. 43",6.6,Семеновская,445.0,5,8.3,nan
Хостел Три Вокзала,"Москва, ул. Новая Басманная, д. 10, стр. 1, подьезд 6, этаж 3",2.9,Красные Ворота,479.0,6,8.9,nan
Хостел CHEERS Capsule Place,"Москва, пер. Малый Кисловский, д. 7с1",1.1,Арбатская,391.0,5,7.2,nan
Хостелы Рус - Чистые Пруды,"Москва, Архангельский переулок, 11/16, строение 3",1.4,Чистые Пруды,329.0,4,7.9,nan
БельЭтаж Hostel,"Москва, ул. Старая Басманная, д. 36, корп. 2, 2 подъед, 4 этаж",3.5,Бауманская,715.0,9,9.4,1
Гостиница Абсалют Измайлово Дельта,"Москва, Измайловское ш., д. 71, корп. Г-Д",9.1,Партизанская,377.0,5,9.3,3
Мини-отель На Автозаводской,"Москва, ул. Трофимова, д. 25/1",6.7,Кожуховская,562.0,7,9.4,3
Отель Хорошов,"Москва, Хорошевское ш., д. 17",6.0,Беговая,837.0,10,9.4,3
Хостел Рус-Ленинская Слобода,"Москва, 1-й Кожуховский пр-д, д. 1/7, 1 этаж, пом. 6",6.0,Автозаводская,193.0,2,8.5,nan
Капсульный отель Sigale,"Россия, Москва, Большая Никитская улица, 22/2",1.1,Арбатская,566.0,7,nan,nan
Отель Barista Bed&Breakfast,"Москва, пер. Подсосенский, д. 14, стр. 1",2.0,Чкаловская,559.0,7,8.9,nan
Гостиница Измайлово Гамма Sky Hotel Group,"Москва, Измайловское ш., д. 71, корп. 4г",9.1,Партизанская,336.0,4,9.8,3
Отель Измайлово Дельта СБР Ника,"Москва, ш. Измайловское, д. 71к4Г-Д",9.2,Партизанская,499.0,6,10.0,4
Хостелы Рус - Коломенская,"Москва, Коломенский пр-д, д. 21, подъезд 3",9.8,Коломенская,1300.0,15,9.1,nan
Myhotel24 Voikovskaya,"Москва, 1-й Войковский проезд, д.16 корп.1",10.7,Стрешнево,376.0,5,7.4,2
Мини-отель Arthoff,"Москва, Большая Почтовая ул., д. 34 стр. 4А",5.7,Электрозаводская,521.0,6,9.4,3
Отель Зима-Лето,"Москва, Старопименовский пер., д. 11, стр. 3",2.2,Маяковская,415.0,5,9.1,3
Апарт-отель Hills Hotel,"Москва, ул. Улофа Пальме, д. 1а",8.0,Ломоносовский проспект,1100.0,13,8.5,3
Отель Ключевой Элемент,"Москва, ул. Большая Никитская, д. 24/1, стр. 5",1.2,Арбатская,605.0,7,9.3,3
Отель Везендорф на Алексеевской,"Москва, ул. Павла Корчагина, д. 8",7.1,ВДНХ,1400.0,16,10.0,3
Хостел Ель,"Москва, б-р Чистопрудный, д. 21",1.8,Чистые Пруды,642.0,8,8.7,nan
Гостиница Hotel Pokrovka-48,"Москва, ул. Покровка, д. 48, стр. 1",2.4,Курская,626.0,8,8.9,1
Апарт-отель Ханой-Москва,"Москва, Ярославское шоссе, 146, корпус 2",15.6,Бабушкинская,4200.0,51,9.3,4
Сити Отель,"Москва, пр. Волгоградский, д. 42, корп. 16",8.5,Текстильщики,646.0,8,8.7,3
Хостел Лайфхакер,"Москва, Варшавское ш., д. 16, корп. 1, 1 этаж, пом. 6-7",6.7,Верхние Котлы,397.0,5,9.6,1
Мини-отель Мегаполис,"пер. Малый Златоустинский, д. 2",1.0,Китай,205.0,2,9.8,nan
Хостел Старт на Вишнёвой,"Москва, ул. Вишневая, д. 13а",14.1,Тушинская,995.0,12,8.7,nan
Отель Room Room,"Москва, Братеевская улица 18к5",16.5,Алма,291.0,4,nan,nan
Круиз Румянцево,"Москва,  4-я Улица 210 , территория СНТ Круиз",16.9,Румянцево,1200.0,15,8.3,3
Хостел Буран,"Москва, Наставнический пер., д. 18/11",2.9,Чкаловская,806.0,10,9.6,nan
Гостиница Абсалют Измайлово ВЕГА,"Москва, Измайловское ш., д. 71, стр. 8",9.0,Измайлово,279.0,3,9.4,4
Гостиница День и Ночь на Мичуринском,"Москва, пр. Мичуринский, д. 29, корп. 1",9.9,Раменки,150.0,2,8.7,nan
Хостел Weekendsleep Лермонтовский Проспект,"Москва, б-р Жулебинский, д. 14",15.8,Лермонтовский проспект,421.0,5,7.2,nan
Хостел Travel Inn Преображенская,"Москва, ул. 9-я Рот, д. 16, стр. 2",7.3,Преображенская Площадь,343.0,4,7.2,nan
Хостел Stalker Sokolniki,"Москва, ул. Стромынка, д. 11",6.4,Сокольники,976.0,12,8.5,nan
Хостел M&D,"Москва, ул. Островитянова, 9к3",14.3,Тропарево,1600.0,20,nan,nan
Апартаменты JackPot Energy Hotel,"Москва, пер. Грохольский, д. 32, стр. 2",3.0,Проспект Мира,808.0,10,9.3,nan
Отель Вымпел,"Москва, ул. Вельяминовская, д. 34",7.3,Семеновская,261.0,3,nan,2
Отель Гипноз на Цветном,"Москва, 5 Samotochnaya Ulitsa",2.4,Московский Цветной бульвар,436.0,5,9.1,3
Гостиница Делайт,"Москва, ул. Большие Каменщики, д. 3/2",2.7,Таганская,65.0,1,8.9,3
Хостел Артист на Старой Басманной,"Москва, ул. Старая Басманная, д. 18, стр. 13",3.1,Курская,835.0,10,8.7,nan
Гостиница Лось,"Москва, ул. Таймырская, д. 1",15.5,Медведково,2700.0,32,9.1,3
Отель Тайм,"Москва, ул. Судакова, д. 22/10",12.3,Люблино,653.0,8,10.0,nan
Хостел На Амурской,"Москва, ул. Амурская, д. 17",12.4,Щелковская,803.0,10,6.8,nan
Доходный Дом Якорь,"Москва, 5 строение 1 Потаповский переулок",1.6,Чистые Пруды,410.0,5,9.1,nan
Мини-отель Марианна Речной,"Москва, ул. Смольная, д. 37",14.8,Речной Вокзал,564.0,7,8.3,1
Хостел Свои люди,"Москва, ул. Угрешская, д. 12, стр. 1",6.5,Угрешская,442.0,5,6.8,nan
Мини-отель L&G,"Москва, Улица Столетова 7, корп.1",9.1,Ломоносовский проспект,905.0,11,9.1,nan
Отель Рихтер,"Москва, Улица Пятницкая, 42",1.8,Третьяковская,339.0,4,9.6,5
Гостиница Fortuna Inn Dobryninskaya,"Москва, ул. Люсиновская, д. 39, стр. 5",3.5,Серпуховская,495.0,6,7.9,nan
Мини-отель Ладомир,"Москва, ул. Русаковская, д. 28",5.5,Сокольники,197.0,2,8.7,nan
Гостиница Сретенская,"Москва, ул. Сретенка, д. 15",1.9,Сухаревская,341.0,4,9.1,4
Хостел Len Inn Lux,"Москва, пер. Духовской, д. 22а",5.3,Тульская,574.0,7,nan,nan
Хостел Илиан,"Москва, ул. 5-я Магистральная, д. 14, стр. 1",6.2,Полежаевская,778.0,9,8.9,nan
Отель ShelterZ Семеновская (2 этаж),"Россия, Москва, Большая Семёновская улица, 32с3",6.3,Электрозаводская,158.0,2,9.8,nan
Хостел 365,"Москва, ул. Болотниковская, д. 33, корп. 3",10.9,Каховская,837.0,10,8.5,nan
Мини-отель Апарт Отель Белорусская,"Россия, Москва, Большой Кондратьевский переулок, 6",3.1,Белорусская,492.0,6,8.5,nan
Отель Ольховка,"Москва, Ольховская улиц, д.45 строение 1",4.3,Красносельская,490.0,6,8.9,3
Хостел Caps Hotel на Остоженке,"ул. Остоженка, д. 7 стр. 1",1.7,Кропоткинская,251.0,3,nan,nan
Апарт-отель ЗилАрт,"Москва, б-р братьев Весниных, д. 2",6.2,ЗИЛ,578.0,7,nan,nan
Гостиница Учебный центр профсоюзов,"Москва, пос. Дубровский, Советская, д. 11",20.4,Аннино,2400.0,29,8.7,nan
Гостиница Myhotel24 Kristalin,"Москва, 64k5 Dmitrovskoye shosse",11.8,Верхние Лихоборы,267.0,3,9.4,2
Хостел Caps Hotel на Гагаринском,"Россия, Москва, Гагаринский переулок, 5с1",1.6,Кропоткинская,149.0,2,8.5,nan
Отель Gipnoz na Dmitrovke,"Москва, ул. Руставели, д. 1/2",6.9,Дмитровская,487.0,6,9.1,3
Хостел Travel Inn Первомайская,"Москва, ул. Средняя Первомайская, д. 28",12.7,Первомайская,609.0,7,8.3,nan
Хостел Радио,"Москва, наб. Академика Туполева, д. 15, корп. 24",3.8,Бауманская,1100.0,13,9.1,nan
Апарт-отель Axis.Moscow Island,"Москва, ул. Садовническая, д. 67, стр. 2",2.3,Таганская,728.0,9,8.9,3
Хостел Круассан на Академической,"Москва, ул. Дмитрия Ульянова, д. 37с3",8.0,Академическая,1000.0,12,8.7,nan
Мини-отель Панорама Сити,"Москва, наб. Пресненская, д. 6, стр. 2, этаж 48",5.0,Выставочная,226.0,3,9.1,3
KIGO Moscow City,"Москва, 12 Presnenskaya Naberezhnaya",5.2,Международная,313.0,4,10.0,nan
Хостел Вежливый Лось на Рязанском проспекте,"Москва, пр. Рязанский, д. 86/1, корп. 1",14.1,Юго,802.0,10,5.5,nan
Хостел У Башни,"Москва, ул. Академика Королева, д. 24",7.7,Фонвизинская,661.0,8,9.1,nan
Апарт-отель На Таганке,"Москва, ул. Николоямская, д. 38, стр. 1",2.5,Марксистская,677.0,8,9.4,5
Хостел Комфорт на Полярной,"Москва, ул. Полярная, д. 15, корп. 3",13.6,Бибирево,2000.0,24,9.1,nan
Гостиница БуддОтель Москва,"Москва, ул. Расковой, д. 24, стр. 4",4.7,Савеловская,950.0,11,8.9,3
Бутик-Отель Веллион Бауманский,"Москва, Волховский пер., д. 23/3, стр. 2",4.5,Бауманская,504.0,6,9.4,3
Отель Че,"Москва, Малая Дмитровка 29 стр 3",2.2,Маяковская,496.0,6,9.3,nan
Vincent Apart,"Москва, ул. Хромова, д. 3",7.9,Преображенская Площадь,502.0,6,10.0,nan
Отель Red Brick,"Москва, пер. Хохловский, д. 10, стр. 6",1.5,Китай,805.0,10,9.4,nan
Хостел Рус Кунцево,"Москва, ш. Рублевское, д. 14, стр. 1",11.7,Кунцевская,1200.0,15,7.0,nan
Апарт-отель Garden Embassy,"Москва, Ботанический переулок, 5",2.9,Проспект Мира,511.0,6,9.3,4
Отель Винтерфелл На Таганской площади,"Москва, Известковый пер., д. 5, стр. 2, этаж 2",2.5,Марксистская,357.0,4,8.7,nan
Хостел Бирюсинка,"Москва, ул. Бирюсинка, д. 1/18с1",12.2,Щелковская,1500.0,19,6.6,nan
Отель Джаз,"Москва, ул. Окская, д. 15",10.6,Окская,328.0,4,7.6,nan
Хостел Малинка,"Москва, ул. Народного Ополчения, д. 5к2",9.4,Хорошево,2300.0,27,8.7,nan
Отель GloryVell,"Москва, пер. Крапивенский, д. 2",1.4,Трубная,375.0,5,7.8,3
Хостел Рус - Багратион,"Москва, Кутузовский проспект, 22",4.4,Выставочная,464.0,6,8.9,nan
Спа-отель Mamaison All-Suites Spa Hotel,"Москва, Улица Покровка 40 стр.2",2.3,Курская,566.0,7,8.7,5
Гостевые комнаты Апельсин на Сретенском бульваре,"Москва, пер. Бобров, д. 2",1.5,Тургеневская,260.0,3,8.7,nan
Хостел Homestel,"ул Народная, д 8",2.6,Таганская,157.0,2,9.8,nan
Хостел Drop Inn,"Москва, ул. Каланчевская, д. 20, стр. 1",3.2,Комсомольская,547.0,7,9.3,2
Мини-отель Бурденко,"Москва, ул. 3-я Тверская-Ямская, д. 12",2.5,Маяковская,235.0,3,10.0,nan
Хостел Банан,"Москва, ул. Талалихина, д. 41с4",5.1,Волгоградский Проспект,400.0,5,nan,nan
Хостел HotelHot Бауманская,"Москва, ул. Спартаковская, д. 6, стр. 2",3.9,Бауманская,355.0,4,8.3,nan
Хостел Гай-дай,"Москва, ул. Ярославская, д. 8, корп. 7",7.3,ВДНХ,774.0,9,7.9,nan
Мини-отель КАННА,"Москва, ул. Чаянова, 12",2.9,Новослободская,529.0,6,9.6,nan
Хостелы Рус - на Пречистенке,"Москва, Sechenovskiy Pereulok, 8 stroyenie 3, floor 1",2.1,Кропоткинская,556.0,7,9.4,nan
Отель Роял-Зенит I,"Москва, ул. Таманская, д. 49б",12.0,Строгино,3100.0,37,9.3,4
Отель Шереметьевский,"Москва, ул. Вучетича, д. 32",7.9,Тимирязевская,1200.0,14,9.3,3
Апартаменты/квартиры Knokey Алексеевская,"Москва, ул. Новоалексеевская, д. 16к2",6.4,Алексеевская,526.0,6,4.4,nan
Комплекс Восход,"Москва, Алтуфьевское шоссе, д. 2",10.9,Владыкино,289.0,3,9.1,nan
Отель Sadovnicheskaya City Center,"Россия, Москва, Садовническая улица, 20с1",1.0,Новокузнецкая,487.0,6,nan,4
Отель Gipnoz na Aviamotornoy,"Москва, ш. Энтузиастов, д. 11а, стр. 3",5.9,Авиамоторная,244.0,3,9.4,3
Хостелы Рус - Черкизовская,"Москва, ул. Большая Черкизовская, д. 22к7",8.5,Измайлово,809.0,10,9.8,nan
Хостел Comfort park,"Москва, ул. Мира, д. 184, корп. 1",8.5,ВДНХ,844.0,10,8.5,nan
Отель Интурист Коломенское,"Москва, ш. Каширское, д. 39Б",12.3,Кантемировская,1600.0,20,9.1,4
Отель Малетон (Анохина),"Москва, ул. Академика Анохина, д. 11а",14.1,Юго,832.0,10,8.3,3
Гостиница Бонжур на Казакова,"Москва, ул. Казакова, д. 8-8а, стр. 2",2.7,Курская,489.0,6,8.5,3
Халва отель Полянка,"Москва, ул. Большая Полянка, д. 43/2",2.3,Полянка,370.0,4,8.9,2
Отель Комфорт на Дмитровке,"Москва, Дмитровское шоссе дом 90 корпус 1",13.9,Селигерская,664.0,8,8.5,2
Мини-отель Донской,"Москва, Бульвар Дмитрия Донского, д. 17а",21.4,Улица Старокачаловская,641.0,8,7.0,nan
Апарт-отель Knokey ВТБ Арена,"Москва, Ленинградский пр-т, д. 36с36",5.1,Динамо,662.0,8,8.5,nan
Хостел Артист на Курской,"Москва, ул. Старая Басманная, д. 18, стр. 8",3.0,Курская,834.0,10,8.9,nan
Хостел Город Патриаршие,"Москва, Улица Спиридоновка 16 строение 1",1.8,Баррикадная,776.0,9,8.7,nan
Мини-отель HAYAT,"Москва, ул. Краснодарская, д. 66",13.1,Люблино,775.0,9,nan,nan
Отель Revival,"Москва, ул. Петровка, д. 19, стр. 3",1.3,Чеховская,459.0,6,nan,3
Отель Таганка на Воронцовской,"Москва, ул. Марксистская, д. 34с2",3.4,Крестьянская застава,255.0,3,8.5,3
Хостел Шаболовка-Отель,"Москва, 5 ulitsa Shukhova",4.2,Шаболовская,570.0,7,8.7,nan
Отель Черемушки,"Москва, улица Вавилова, дом 64/1, строение 3",8.9,Профсоюзная,1000.0,13,8.5,3
Мини-отель Блохина,"Москва, 31 Ulitsa Akademika Millionshchikova",10.1,Каширская,938.0,11,9.4,nan
Мини-отель На Красноармейской,"Москва, ул. Красноармейская, д. 2к1",6.5,Петровский парк,687.0,8,10.0,nan
Мини-отель Dream Novoslobodskaya,"Москва, улица Новослободская 71",4.4,Савеловская,521.0,6,8.9,nan
Гостиница Султан Москва,"Россия, Москва, Электрический переулок, 3/10с23",3.5,Белорусская,676.0,8,7.9,3
Хостелы Круассан,"Москва, наб. Космодамианская, д. 40-42, стр. 3",2.4,Таганская,585.0,7,8.7,nan
Хостел Наполеон,"Москва, Малый Златоустинский пер., д. 2",1.0,Китай,207.0,2,7.8,nan
